<?xml version="1.0" encoding="UTF-8"?>
<ruleset name="TMU Theme PHPMD Rules"
         xmlns="http://pmd.sf.net/ruleset/1.0.0"
         xmlns:xsi="http://www.w3.org/2001/XMLSchema-instance"
         xsi:schemaLocation="http://pmd.sf.net/ruleset/1.0.0 http://pmd.sf.net/ruleset_xml_schema.xsd"
         xsi:noNamespaceSchemaLocation="http://pmd.sf.net/ruleset_xml_schema.xsd">
         
    <description>PHPMD ruleset for TMU WordPress Theme</description>

    <!-- Code Size Rules -->
    <rule ref="rulesets/codesize.xml/CyclomaticComplexity">
        <properties>
            <property name="reportLevel" value="12" />
        </properties>
    </rule>
    
    <rule ref="rulesets/codesize.xml/NPathComplexity">
        <properties>
            <property name="minimum" value="200" />
        </properties>
    </rule>
    
    <rule ref="rulesets/codesize.xml/ExcessiveMethodLength">
        <properties>
            <property name="minimum" value="100" />
        </properties>
    </rule>
    
    <rule ref="rulesets/codesize.xml/ExcessiveClassLength">
        <properties>
            <property name="minimum" value="1000" />
        </properties>
    </rule>
    
    <rule ref="rulesets/codesize.xml/ExcessiveParameterList">
        <properties>
            <property name="minimum" value="10" />
        </properties>
    </rule>
    
    <rule ref="rulesets/codesize.xml/ExcessivePublicCount">
        <properties>
            <property name="minimum" value="45" />
        </properties>
    </rule>
    
    <rule ref="rulesets/codesize.xml/TooManyFields">
        <properties>
            <property name="maxfields" value="15" />
        </properties>
    </rule>
    
    <rule ref="rulesets/codesize.xml/TooManyMethods">
        <properties>
            <property name="maxmethods" value="25" />
        </properties>
    </rule>
    
    <rule ref="rulesets/codesize.xml/TooManyPublicMethods">
        <properties>
            <property name="maxmethods" value="10" />
        </properties>
    </rule>

    <!-- Clean Code Rules -->
    <rule ref="rulesets/cleancode.xml/ElseExpression" />
    <rule ref="rulesets/cleancode.xml/StaticAccess">
        <properties>
            <property name="exceptions" value="WP_CLI,WP_Query,WP_User_Query,WP_Term_Query,WP_Comment_Query" />
        </properties>
    </rule>
    
    <!-- Design Rules -->
    <rule ref="rulesets/design.xml/ExitExpression" />
    <rule ref="rulesets/design.xml/EvalExpression" />
    <rule ref="rulesets/design.xml/GotoStatement" />
    <rule ref="rulesets/design.xml/NumberOfChildren">
        <properties>
            <property name="minimum" value="15" />
        </properties>
    </rule>
    <rule ref="rulesets/design.xml/DepthOfInheritance">
        <properties>
            <property name="minimum" value="6" />
        </properties>
    </rule>
    <rule ref="rulesets/design.xml/CouplingBetweenObjects">
        <properties>
            <property name="minimum" value="15" />
        </properties>
    </rule>

    <!-- Naming Rules -->
    <rule ref="rulesets/naming.xml/ShortVariable">
        <properties>
            <property name="minimum" value="3" />
        </properties>
    </rule>
    <rule ref="rulesets/naming.xml/LongVariable">
        <properties>
            <property name="maximum" value="30" />
        </properties>
    </rule>
    <rule ref="rulesets/naming.xml/ShortMethodName">
        <properties>
            <property name="minimum" value="3" />
        </properties>
    </rule>
    <rule ref="rulesets/naming.xml/ConstructorWithNameAsEnclosingClass" />
    <rule ref="rulesets/naming.xml/ConstantNamingConventions" />
    <rule ref="rulesets/naming.xml/BooleanGetMethodName" />

    <!-- Unused Code Rules -->
    <rule ref="rulesets/unusedcode.xml/UnusedPrivateField" />
    <rule ref="rulesets/unusedcode.xml/UnusedLocalVariable" />
    <rule ref="rulesets/unusedcode.xml/UnusedPrivateMethod" />
    <rule ref="rulesets/unusedcode.xml/UnusedFormalParameter" />

    <!-- Controversial Rules -->
    <rule ref="rulesets/controversial.xml/Superglobals" />
    <rule ref="rulesets/controversial.xml/CamelCaseClassName" />
    <rule ref="rulesets/controversial.xml/CamelCasePropertyName" />
    <rule ref="rulesets/controversial.xml/CamelCaseMethodName" />
    <rule ref="rulesets/controversial.xml/CamelCaseParameterName" />
    <rule ref="rulesets/controversial.xml/CamelCaseVariableName" />

    <!-- Exclude test files from certain rules -->
    <exclude-pattern>tests/</exclude-pattern>
    <exclude-pattern>vendor/</exclude-pattern>
    <exclude-pattern>node_modules/</exclude-pattern>
</ruleset>